Country_Code,Region,IncomeGroup,SpecialNotes,TableName,Population
AFG,South Asia,Low income,"The reporting period for national accounts data is designated as either calendar year basis (CY) or fiscal year basis (FY). For this country, it is fiscal year-based (fiscal year-end: March 20). Also, an estimate (PA.NUS.ATLS) of the exchange rate covers the same period and thus differs from the official exchange rate (CY).

In addition, the World Bank systematically assesses the appropriateness of official exchange rates as conversion factors. In this country, multiple or dual exchange rate activity exists and must be accounted for appropriately in underlying statistics. An alternative estimate (“alternative conversion factor” - PA.NUS.ATLS) is thus calculated as a weighted average of the different exchange rates in use in the country. Doing so better reflects economic reality and leads to more accurate cross-country comparisons and country classifications by income level. For this country, this applies to the period 1960-2001. Alternative conversion factors are used in the Atlas methodology and elsewhere in World Development Indicators as single-year conversion factors.",Afghanistan,38928341
DZA,Middle East & North Africa,Lower middle income,,Algeria,43851043
AND,Europe & Central Asia,High income,,Andorra,77265
ATG,Latin America & Caribbean,High income,,Antigua and Barbuda,97928
ALB,Europe & Central Asia,Upper middle income,,Albania,2837743
ASM,East Asia & Pacific,Upper middle income,,American Samoa,55197
AGO,Sub-Saharan Africa,Lower middle income,,Angola,32866268
ARG,Latin America & Caribbean,Upper middle income,"The World Bank systematically assesses the appropriateness of official exchange rates as conversion factors. In this country, multiple or dual exchange rate activity exists and must be accounted for appropriately in underlying statistics. An alternative estimate (“alternative conversion factor” - PA.NUS.ATLS) is thus calculated as a weighted average of the different exchange rates in use in the country. Doing so better reflects economic reality and leads to more accurate cross-country comparisons and country classifications by income level. For this country, this applies to the period 1971-2015. Alternative conversion factors are used in the Atlas methodology and elsewhere in World Development Indicators as single-year conversion factors.",Argentina,45376763
ARM,Europe & Central Asia,Upper middle income,,Armenia,2963234
ABW,Latin America & Caribbean,High income,,Aruba,106766
AUS,East Asia & Pacific,High income,"The reporting period for national accounts data is designated as either calendar year basis (CY) or fiscal year basis (FY). For this country, it is fiscal year-based (fiscal year-end: June 30). Also, an estimate (PA.NUS.ATLS) of the exchange rate covers the same period and thus differs from the official exchange rate (CY).",Australia,25687041
AUT,Europe & Central Asia,High income,"A simple multiplier is used to convert the national currencies of EMU members to euros. The following irrevocable euro conversion rate was adopted by the EU Council on January 1, 1999: 1 euro = 13.7603 Austrian schilling. Please note that historical data before 1999 are not actual euros and are not comparable or suitable for aggregation across countries.",Austria,8917205
AZE,Europe & Central Asia,Upper middle income,,Azerbaijan,10093121
BHS,Latin America & Caribbean,High income,,The Bahamas,393248
BHR,Middle East & North Africa,High income,,Bahrain,1701583
BGD,South Asia,Lower middle income,"The reporting period for national accounts data is designated as either calendar year basis (CY) or fiscal year basis (FY). For this country, it is fiscal year-based (fiscal year-end: June 30). Also, an estimate (PA.NUS.ATLS) of the exchange rate covers the same period and thus differs from the official exchange rate (CY).",Bangladesh,164689383
BRB,Latin America & Caribbean,High income,,Barbados,287371
BLR,Europe & Central Asia,Upper middle income,"Data before 2015 were adjusted to reflect the new denomination effective from July 1, 2016 (BYN), a decrease of 10,000 times (1 BYN = 10,000 BYR)",Belarus,9379952
BEL,Europe & Central Asia,High income,"A simple multiplier is used to convert the national currencies of EMU members to euros. The following irrevocable euro conversion rate was adopted by the EU Council on January 1, 1999: 1 euro = 40.3399 Belgian franc. Please note that historical data before 1999 are not actual euros and are not comparable or suitable for aggregation across countries.",Belgium,11555997
BLZ,Latin America & Caribbean,Lower middle income,,Belize,397621
BEN,Sub-Saharan Africa,Lower middle income,,Benin,12123198
BMU,North America,High income,,Bermuda,63903
BTN,South Asia,Lower middle income,,Bhutan,771612
BOL,Latin America & Caribbean,Lower middle income,,Bolivia,11673029
BIH,Europe & Central Asia,Upper middle income,,Bosnia and Herzegovina,3280815
BWA,Sub-Saharan Africa,Upper middle income,,Botswana,2351625
BRA,Latin America & Caribbean,Upper middle income,,Brazil,212559409
VGB,Latin America & Caribbean,High income,,British Virgin Islands,30237
BRN,East Asia & Pacific,High income,,Brunei,437483
BGR,Europe & Central Asia,Upper middle income,,Bulgaria,6934015
BFA,Sub-Saharan Africa,Low income,,Burkina Faso,20903278
BDI,Sub-Saharan Africa,Low income,"The World Bank systematically assesses the appropriateness of official exchange rates as conversion factors. In this country, multiple or dual exchange rate activity exists and must be accounted for appropriately in underlying statistics. An alternative estimate (“alternative conversion factor” - PA.NUS.ATLS) is thus calculated as a weighted average of the different exchange rates in use in the country. Doing so better reflects economic reality and leads to more accurate cross-country comparisons and country classifications by income level. For this country, this applies to the period 2016-2020. Alternative conversion factors are used in the Atlas methodology and elsewhere in World Development Indicators as single-year conversion factors.",Burundi,11890781
CPV,Sub-Saharan Africa,Lower middle income,,Cabo Verde,555988
KHM,East Asia & Pacific,Lower middle income,"The World Bank systematically assesses the appropriateness of official exchange rates as conversion factors. In this country, multiple or dual exchange rate activity exists and must be accounted for appropriately in underlying statistics. An alternative estimate (“alternative conversion factor” - PA.NUS.ATLS) is thus calculated as a weighted average of the different exchange rates in use in the country. Doing so better reflects economic reality and leads to more accurate cross-country comparisons and country classifications by income level. For this country, this applies to the period 1990-1991. Alternative conversion factors are used in the Atlas methodology and elsewhere in World Development Indicators as single-year conversion factors.",Cambodia,16718971
CMR,Sub-Saharan Africa,Lower middle income,,Cameroon,26545864
CAN,North America,High income,Fiscal year end: March 31; reporting period for national accounts data: CY.,Canada,38005238
CYM,Latin America & Caribbean,High income,,Cayman Islands,65720
CAF,Sub-Saharan Africa,Low income,,Central African Republic,4829764
TCD,Sub-Saharan Africa,Low income,,Chad,16425859
CHI,Europe & Central Asia,High income,,Channel Islands,173859
CHL,Latin America & Caribbean,High income,,Chile,19116209
CHN,East Asia & Pacific,Upper middle income,"On 1 July 1997 China resumed its exercise of sovereignty over Hong Kong, and on 20 December 1999, China resumed its exercise of sovereignty over Macao. Unless otherwise noted, data for China do not include data for Hong Kong SAR, China; Macao SAR, China; or Taiwan, China.

The World Bank systematically assesses the appropriateness of official exchange rates as conversion factors. In this country, multiple or dual exchange rate activity exists and must be accounted for appropriately in underlying statistics. An alternative estimate (“alternative conversion factor” - PA.NUS.ATLS) is thus calculated as a weighted average of the different exchange rates in use in the country. Doing so better reflects economic reality and leads to more accurate cross-country comparisons and country classifications by income level. For this country, this applies to the period 1978-1993. Alternative conversion factors are used in the Atlas methodology and elsewhere in World Development Indicators as single-year conversion factors.",China,1410929362
COL,Latin America & Caribbean,Upper middle income,,Colombia,50882884
COM,Sub-Saharan Africa,Lower middle income,,Comoros,869595
COD,Sub-Saharan Africa,Low income,"The World Bank systematically assesses the appropriateness of official exchange rates as conversion factors. In this country, multiple or dual exchange rate activity exists and must be accounted for appropriately in underlying statistics. An alternative estimate (“alternative conversion factor” - PA.NUS.ATLS) is thus calculated as a weighted average of the different exchange rates in use in the country. Doing so better reflects economic reality and leads to more accurate cross-country comparisons and country classifications by income level. For this country, this applies to the period 1999-2001. Alternative conversion factors are used in the Atlas methodology and elsewhere in World Development Indicators as single-year conversion factors.",Dem. Rep. Congo,89561404
COG,Sub-Saharan Africa,Lower middle income,,Congo,5518092
CRI,Latin America & Caribbean,Upper middle income,,Costa Rica,5094114
CIV,Sub-Saharan Africa,Lower middle income,,Côte d'Ivoire,26378275
HRV,Europe & Central Asia,High income,,Croatia,4047200
CUB,Latin America & Caribbean,Upper middle income,,Cuba,11326616
CUW,Latin America & Caribbean,High income,,Curaçao,155014
CYP,Europe & Central Asia,High income,"A simple multiplier is used to convert the national currencies of EMU members to euros. The following irrevocable euro conversion rate entered into force on January 1, 2008: 1 euro = 0.585274 Cyprus pounds. Please note that historical data are not actual euros and are not comparable or suitable for aggregation across countries.",Cyprus,1207361
CZE,Europe & Central Asia,High income,,Czech Republic,10698896
DNK,Europe & Central Asia,High income,,Denmark,5831404
DJI,Middle East & North Africa,Lower middle income,,Djibouti,988002
DMA,Latin America & Caribbean,Upper middle income,,Dominica,71991
DOM,Latin America & Caribbean,Upper middle income,,Dominican Republic,10847904
ECU,Latin America & Caribbean,Upper middle income,,Ecuador,17643060
EGY,Middle East & North Africa,Lower middle income,"The reporting period for national accounts data is designated as either calendar year basis (CY) or fiscal year basis (FY). For this country, it is fiscal year-based (fiscal year-end: June 30) for the years 1980 and after. The data from 1973 to 1979 refer to the calendar year data. Also, an estimate (PA.NUS.ATLS) of the exchange rate covers the same period and thus differs from the official exchange rate (CY). 

In addition, the World Bank systematically assesses the appropriateness of official exchange rates as conversion factors. In this country, multiple or dual exchange rate activity exists and must be accounted for appropriately in underlying statistics. An alternative estimate (“alternative conversion factor” - PA.NUS.ATLS) is thus calculated as a weighted average of the different exchange rates in use in the country. Doing so better reflects economic reality and leads to more accurate cross-country comparisons and country classifications by income level. For this country, this applies to the period 1974-1990. Alternative conversion factors are used in the Atlas methodology and elsewhere in World Development Indicators as single-year conversion factors.",Egypt,102334403
SLV,Latin America & Caribbean,Lower middle income,,El Salvador,6486201
GNQ,Sub-Saharan Africa,Upper middle income,,Equatorial Guinea,1402985
ERI,Sub-Saharan Africa,Low income,"The World Bank systematically assesses the appropriateness of official exchange rates as conversion factors. In this country, multiple or dual exchange rate activity exists and must be accounted for appropriately in underlying statistics. An alternative estimate (“alternative conversion factor” - PA.NUS.ATLS) is thus calculated as a weighted average of the different exchange rates in use in the country. Doing so better reflects economic reality and leads to more accurate cross-country comparisons and country classifications by income level. For this country, this applies to the period 1992-1997. Alternative conversion factors are used in the Atlas methodology and elsewhere in World Development Indicators as single-year conversion factors.",Eritrea,..
EST,Europe & Central Asia,High income,"The following irrevocable euro conversion rate entered into force on January 1, 2011: 1 euro = 15.6466 Estonian kroon. Please note that historical data are not actual euros and are not comparable or suitable for aggregation across countries.",Estonia,1331057
SWZ,Sub-Saharan Africa,Lower middle income,Fiscal year end: March 31; reporting period for national accounts data: CY. Authorities revised national accounts from 1999 to 2015.,Eswatini,1160164
ETH,Sub-Saharan Africa,Low income,"The reporting period for national accounts data is designated as either calendar year basis (CY) or fiscal year basis (FY). For this country, it is fiscal year-based (fiscal year-end: July 7). Also, an estimate (PA.NUS.ATLS) of the exchange rate covers the same period and thus differs from the official exchange rate (CY).",Ethiopia,114963583
FRO,Europe & Central Asia,High income,,Faroe Islands,48865
FJI,East Asia & Pacific,Upper middle income,,Fiji,896444
FIN,Europe & Central Asia,High income,"A simple multiplier is used to convert the national currencies of EMU members to euros. The following irrevocable euro conversion rate was adopted by the EU Council on January 1, 1999: 1 euro = 5.94573 Finnish markka. Please note that historical data before 1999 are not actual euros and are not comparable or suitable for aggregation across countries.",Finland,5530719
FRA,Europe & Central Asia,High income,"The following irrevocable euro conversion rate was adopted by the EU Council on January 1, 1999: 1 euro = 6.55957 French franc. Please note that historical data before 1999 are not actual euros and are not comparable or suitable for aggregation across countries.",France,67391582
PYF,East Asia & Pacific,High income,,French Polynesia,280904
GAB,Sub-Saharan Africa,Upper middle income,,Gabon,2225728
GMB,Sub-Saharan Africa,Low income,,The Gambia,2416664
GEO,Europe & Central Asia,Upper middle income,"Includes self-governed areas only, which mostly exclude Abkhazia and South Ossetia, but small areas in Abkhazia and South Ossetia are included before 2008 or 2009 because of the changes in self-governed areas.",Georgia,3714000
DEU,Europe & Central Asia,High income,"A simple multiplier is used to convert the national currencies of EMU members to euros. The following irrevocable euro conversion rate was adopted by the EU Council on January 1, 1999: 1 euro = 1.95583 Deutsche Mark. Please note that historical data before 1999 are not actual euros and are not comparable or suitable for aggregation across countries.",Germany,83240525
GHA,Sub-Saharan Africa,Lower middle income,"The World Bank systematically assesses the appropriateness of official exchange rates as conversion factors. In this country, multiple or dual exchange rate activity exists and must be accounted for appropriately in underlying statistics. An alternative estimate (“alternative conversion factor” - PA.NUS.ATLS) is thus calculated as a weighted average of the different exchange rates in use in the country. Doing so better reflects economic reality and leads to more accurate cross-country comparisons and country classifications by income level. For this country, this applies to the period 1973-1985. Alternative conversion factors are used in the Atlas methodology and elsewhere in World Development Indicators as single-year conversion factors.",Ghana,31072945
GIB,Europe & Central Asia,High income,The DEC conversion is not reported when national accounts data are unavailable.,Gibraltar,33691
GRC,Europe & Central Asia,High income,"A simple multiplier is used to convert the national currencies of EMU members to euros. The following irrevocable euro conversion rate was adopted by the EU Council on January 1, 1999: 1 euro = 340.75 Greek drachma. Please note that historical data before 1999 are not actual euros and are not comparable or suitable for aggregation across countries.",Greece,10715549
GRL,Europe & Central Asia,High income,,Greenland,56367
GRD,Latin America & Caribbean,Upper middle income,,Grenada,112519
GUM,East Asia & Pacific,High income,,Guam,168783
GTM,Latin America & Caribbean,Upper middle income,"The World Bank systematically assesses the appropriateness of official exchange rates as conversion factors. In this country, multiple or dual exchange rate activity exists and must be accounted for appropriately in underlying statistics. An alternative estimate (“alternative conversion factor” - PA.NUS.ATLS) is thus calculated as a weighted average of the different exchange rates in use in the country. Doing so better reflects economic reality and leads to more accurate cross-country comparisons and country classifications by income level. For this country, this applies to the period 1985-1986. Alternative conversion factors are used in the Atlas methodology and elsewhere in World Development Indicators as single-year conversion factors.",Guatemala,16858333
GIN,Sub-Saharan Africa,Low income,,Guinea,13132792
GNB,Sub-Saharan Africa,Low income,,Guinea-Bissau,1967998
GUY,Latin America & Caribbean,Upper middle income,,Guyana,786559
HTI,Latin America & Caribbean,Lower middle income,"The reporting period for national accounts data is designated as either calendar year basis (CY) or fiscal year basis (FY). For this country, it is fiscal year-based (fiscal year-end: September 30). Also, an estimate (PA.NUS.ATLS) of the exchange rate covers the same period and thus differs from the official exchange rate (CY).",Haiti,11402533
HND,Latin America & Caribbean,Lower middle income,"The World Bank systematically assesses the appropriateness of official exchange rates as conversion factors. In this country, multiple or dual exchange rate activity exists and must be accounted for appropriately in underlying statistics. An alternative estimate (“alternative conversion factor” - PA.NUS.ATLS) is thus calculated as a weighted average of the different exchange rates in use in the country. Doing so better reflects economic reality and leads to more accurate cross-country comparisons and country classifications by income level. For this country, this applies to the period 1988-1989. Alternative conversion factors are used in the Atlas methodology and elsewhere in World Development Indicators as single-year conversion factors.",Honduras,9904608
HKG,East Asia & Pacific,High income,"On 1 July 1997 China resumed its exercise of sovereignty over Hong Kong. Unless otherwise noted, data for China do not include data for Hong Kong SAR, China; Macao SAR, China; or Taiwan, China. Agriculture value added includes mining and quarrying.","Hong Kong SAR, China",7481800
HUN,Europe & Central Asia,High income,,Hungary,9749763
ISL,Europe & Central Asia,High income,,Iceland,366425
IND,South Asia,Lower middle income,"The reporting period for national accounts data is designated as either calendar year basis (CY) or fiscal year basis (FY). For this country, it is fiscal year-based (fiscal year-end: March 31). Also, an estimate (PA.NUS.ATLS) of the exchange rate covers the same period and thus differs from the official exchange rate (CY).",India,1380004385
IDN,East Asia & Pacific,Lower middle income,Fiscal year end: March 31; reporting period for national accounts data: CY. Data for Indonesia include Timor-Leste through 1999 unless otherwise noted.,Indonesia,273523621
IRN,Middle East & North Africa,Lower middle income,"The reporting period for national accounts data is designated as either calendar year basis (CY) or fiscal year basis (FY). For this country, it is fiscal year-based (fiscal year-end: March 20).  

The World Bank systematically assesses the appropriateness of official exchange rates as conversion factors. In this country, multiple or dual exchange rate activity exists and must be accounted for appropriately in underlying statistics. An alternative estimate (“alternative conversion factor” - PA.NUS.ATLS) is thus calculated as a weighted average of the different exchange rates in use in the country. Doing so better reflects economic reality and leads to more accurate cross-country comparisons and country classifications by income level. For this country, this applies to 1987-1990; 1993-2002, and 2018-2020. Alternative conversion factors are used in the Atlas methodology and elsewhere in World Development Indicators as single-year conversion factors.",Iran,83992953
IRQ,Middle East & North Africa,Upper middle income,,Iraq,40222503
IRL,Europe & Central Asia,High income,"A simple multiplier is used to convert the national currencies of EMU members to euros. The following irrevocable euro conversion rate was adopted by the EU Council on January 1, 1999: 1 euro = 0.787564 Irish pound. Please note that historical data before 1999 are not actual euros and are not comparable or suitable for aggregation across countries.",Ireland,4994724
IMN,Europe & Central Asia,High income,"Classification for years after 2012 was adjusted and figures were re-estimated by the World Bank, based on the detailed data published by the Cabinet Office, and are not consistent with data for 2011 and before.",Isle of Man,85032
ISR,Middle East & North Africa,High income,,Israel,9216900
ITA,Europe & Central Asia,High income,"A simple multiplier is used to convert the national currencies of EMU members to euros. The following irrevocable euro conversion rate was adopted by the EU Council on January 1, 1999: 1 euro = 1936.27 Italian lira. Please note that historical data before 1999 are not actual euros and are not comparable or suitable for aggregation across countries.",Italy,59554023
JAM,Latin America & Caribbean,Upper middle income,,Jamaica,2961161
JPN,East Asia & Pacific,High income,Fiscal year end: March 31; reporting period for national accounts data: CY.,Japan,125836021
JOR,Middle East & North Africa,Upper middle income,,Jordan,10203140
KAZ,Europe & Central Asia,Upper middle income,,Kazakhstan,18754440
KEN,Sub-Saharan Africa,Lower middle income,Fiscal year end: June 30; reporting period for national accounts data: CY.,Kenya,53771300
KIR,East Asia & Pacific,Lower middle income,,Kiribati,119446
PRK,East Asia & Pacific,Low income,,Dem. People's Rep. Korea,25778815
KOR,East Asia & Pacific,High income,,Korea,51780579
XKX,Europe & Central Asia,Upper middle income,,Kosovo,1775378
KWT,Middle East & North Africa,High income,,Kuwait,4270563
KGZ,Europe & Central Asia,Lower middle income,,Kyrgyz Republic,6591600
LAO,East Asia & Pacific,Lower middle income,"The World Bank systematically assesses the appropriateness of official exchange rates as conversion factors. In this country, multiple or dual exchange rate activity exists and must be accounted for appropriately in underlying statistics. An alternative estimate (“alternative conversion factor” - PA.NUS.ATLS) is thus calculated as a weighted average of the different exchange rates in use in the country. Doing so better reflects economic reality and leads to more accurate cross-country comparisons and country classifications by income level. For this country, this applies to the period 1960-1964. Alternative conversion factors are used in the Atlas methodology and elsewhere in World Development Indicators as single-year conversion factors.",Lao PDR,7275556
LVA,Europe & Central Asia,High income,"A simple multiplier is used to convert the national currencies of EMU members to euros. The following irrevocable euro conversion rate entered into force on January 1, 2014: 1 euro = 0.702804 Latvian lats. Please note that historical data are not actual euros and are not comparable or suitable for aggregation across countries. Based on data from EUROSTAT, the new reference year is 2010.",Latvia,1901548
LBN,Middle East & North Africa,Upper middle income,"The World Bank systematically assesses the appropriateness of official exchange rates as conversion factors. In Lebanon, multiple or dual exchange rate activity exists and must be accounted for appropriately in underlying statistics. An alternative estimate (“alternative conversion factor” - PA.NUS.ATLS) is thus calculated as an average of the different exchange rates in use in the country. Doing so better reflects economic reality and leads to more accurate cross-country comparisons and country classifications by income level. For Lebanon, this applies to the period 2019-2020. Alternative conversion factors are used in the Atlas methodology and elsewhere in World Development Indicators as single-year conversion factors.",Lebanon,6825442
LSO,Sub-Saharan Africa,Lower middle income,Fiscal year end: March 31; reporting period for national accounts data: CY.,Lesotho,2142252
LBR,Sub-Saharan Africa,Low income,National accounts data are provided in the US dollar.,Liberia,5057677
LBY,Middle East & North Africa,Upper middle income,,Libya,6871287
LIE,Europe & Central Asia,High income,,Liechtenstein,38137
LTU,Europe & Central Asia,High income,"A simple multiplier is used to convert the national currencies of EMU members to euros. The following irrevocable euro conversion rate entered into force on January 1, 2015: 1 euro = 3.45280 Lithuanian litas. Please note that historical data are not actual euros and are not comparable or suitable for aggregation across countries.",Lithuania,2794700
LUX,Europe & Central Asia,High income,"A simple multiplier is used to convert the national currencies of EMU members to euros. The following irrevocable euro conversion rate was adopted by the EU Council on January 1, 1999: 1 euro = 40.3399 Luxembourg franc. Please note that historical data before 1999 are not actual euros and are not comparable or suitable for aggregation across countries.",Luxembourg,632275
MAC,East Asia & Pacific,High income,"On 20 December 1999 China resumed its exercise of sovereignty over Macao. Unless otherwise noted, data for China do not include data for Hong Kong SAR, China; Macao SAR, China; or Taiwan, China.","Macao SAR, China",649342
MDG,Sub-Saharan Africa,Low income,,Madagascar,27691019
MWI,Sub-Saharan Africa,Low income,,Malawi,19129955
MYS,East Asia & Pacific,Upper middle income,,Malaysia,32365998
MDV,South Asia,Upper middle income,,Maldives,540542
MLI,Sub-Saharan Africa,Low income,,Mali,20250834
MLT,Middle East & North Africa,High income,"A simple multiplier is used to convert the national currencies of EMU members to euros. The following irrevocable euro conversion rate entered into force on January 1, 2008: 1 euro = 0.4293 Maltese lira. Please note that historical data are not actual euros and are not comparable or suitable for aggregation across countries. National accounts data source from 1995 to 2015 is Eurostat; prior to 1995 is UN.",Malta,525285
MHL,East Asia & Pacific,Upper middle income,Fiscal year ends on September 30; reporting period for national accounts data: FY.,Marshall Islands,59194
MRT,Sub-Saharan Africa,Lower middle income,National account data were adjusted to reflect the new banknote (1 new ouguiya = 10 old ouguiya),Mauritania,4649660
MUS,Sub-Saharan Africa,Upper middle income,,Mauritius,1265740
MEX,Latin America & Caribbean,Upper middle income,,Mexico,128932753
FSM,East Asia & Pacific,Lower middle income,Fiscal year ends on September 30; reporting period for national accounts data: FY. The source for national accounts data is the Pacific and Virgin Islands Training Initiative.,Micronesia,115021
MDA,Europe & Central Asia,Upper middle income,"Excluding Transnistria. For 1950-94, World Bank estimates using UN World Population Prospects' growth rates of whole Moldova.",Moldova,2620495
MCO,Europe & Central Asia,High income,,Monaco,39244
MNG,East Asia & Pacific,Lower middle income,"The World Bank systematically assesses the appropriateness of official exchange rates as conversion factors. In this country, multiple or dual exchange rate activity exists and must be accounted for appropriately in underlying statistics. An alternative estimate (“alternative conversion factor” - PA.NUS.ATLS) is thus calculated as a weighted average of the different exchange rates in use in the country. Doing so better reflects economic reality and leads to more accurate cross-country comparisons and country classifications by income level. For this country, this applies to the period 1991-1992. Alternative conversion factors are used in the Atlas methodology and elsewhere in World Development Indicators as single-year conversion factors.",Mongolia,3278292
MNE,Europe & Central Asia,Upper middle income,"Montenegro declared independence from Serbia and Montenegro on June 3, 2006. Where available, data for each country are shown separately. However, for Serbia, some indicators continue to include data for Montenegro through 2005.",Montenegro,621306
MAR,Middle East & North Africa,Lower middle income,,Morocco,36910558
MOZ,Sub-Saharan Africa,Low income,,Mozambique,31255435
MMR,East Asia & Pacific,Lower middle income,"The reporting period for national accounts data is designated as either calendar year basis (CY) or fiscal year basis (FY). For this country, it is fiscal year-based (fiscal year-end: September 30). Also, an estimate (PA.NUS.ATLS) of the exchange rate covers the same period and thus differs from the official exchange rate (CY). 	  

In addition, the World Bank systematically assesses the appropriateness of official exchange rates as conversion factors. In this country, multiple or dual exchange rate activity exists and must be accounted for appropriately in underlying statistics. An alternative estimate (“alternative conversion factor” - PA.NUS.ATLS) is thus calculated as a weighted average of the different exchange rates in use in the country. Doing so better reflects economic reality and leads to more accurate cross-country comparisons and country classifications by income level. For this country, this applies to the period 1960-2012. Alternative conversion factors are used in the Atlas methodology and elsewhere in World Development Indicators as single-year conversion factors.",Myanmar,54409794
NAM,Sub-Saharan Africa,Upper middle income,Fiscal year end: March 31; reporting period for national accounts data: CY.,Namibia,2540916
NRU,East Asia & Pacific,High income,"The reporting period for national accounts data is designated as either calendar year basis (CY) or fiscal year basis (FY). For this country, it is fiscal year-based (fiscal year-end: June 30). Also, an estimate (PA.NUS.ATLS) of the exchange rate covers the same period and thus differs from the official exchange rate (CY).",Nauru,10834
NPL,South Asia,Lower middle income,"The reporting period for national accounts data is designated as either calendar year basis (CY) or fiscal year basis (FY). For this country, it is fiscal year-based (fiscal year-end: July 14). Also, an estimate (PA.NUS.ATLS) of the exchange rate covers the same period and thus differs from the official exchange rate (CY).",Nepal,29136808
NLD,Europe & Central Asia,High income,"A simple multiplier is used to convert the national currencies of EMU members to euros. The following irrevocable euro conversion rate was adopted by the EU Council on January 1, 1999: 1 euro = 2.20371 Netherlands guilder. Please note that historical data before 1999 are not actual euros and are not comparable or suitable for aggregation across countries.",Netherlands,17441139
NCL,East Asia & Pacific,High income,,New Caledonia,271960
NZL,East Asia & Pacific,High income,Fiscal year end: March 31; reporting period for national accounts data: CY.,New Zealand,5084300
NIC,Latin America & Caribbean,Lower middle income,"The World Bank systematically assesses the appropriateness of official exchange rates as conversion factors. In this country, multiple or dual exchange rate activity exists and must be accounted for appropriately in underlying statistics. An alternative estimate (“alternative conversion factor” - PA.NUS.ATLS) is thus calculated as a weighted average of the different exchange rates in use in the country. Doing so better reflects economic reality and leads to more accurate cross-country comparisons and country classifications by income level. For this country, this applies to the period 1985-1993. Alternative conversion factors are used in the Atlas methodology and elsewhere in World Development Indicators as single-year conversion factors.",Nicaragua,6624554
NER,Sub-Saharan Africa,Low income,,Niger,24206636
NGA,Sub-Saharan Africa,Lower middle income,"The World Bank systematically assesses the appropriateness of official exchange rates as conversion factors. In this country, multiple or dual exchange rate activity exists and must be accounted for appropriately in underlying statistics. An alternative estimate (“alternative conversion factor” - PA.NUS.ATLS) is thus calculated as a weighted average of the different exchange rates in use in the country. Doing so better reflects economic reality and leads to more accurate cross-country comparisons and country classifications by income level. For this country, this applies to 1971-1998 and 2018-2019. Alternative conversion factors are used in the Atlas methodology and elsewhere in World Development Indicators as single-year conversion factors.",Nigeria,206139587
MKD,Europe & Central Asia,Upper middle income,,North Macedonia,2072531
MNP,East Asia & Pacific,High income,,Northern Mariana Islands,57557
NOR,Europe & Central Asia,High income,,Norway,5379475
OMN,Middle East & North Africa,High income,,Oman,5106622
PAK,South Asia,Lower middle income,"The reporting period for national accounts data is designated as either calendar year basis (CY) or fiscal year basis (FY). For this country, it is fiscal year-based (fiscal year-end: June 30). Also, an estimate (PA.NUS.ATLS) of the exchange rate covers the same period and thus differs from the official exchange rate (CY).",Pakistan,220892331
PLW,East Asia & Pacific,High income,Fiscal year ends on September 30; reporting period for national accounts data: FY.,Palau,18092
PAN,Latin America & Caribbean,Upper middle income,,Panama,4314768
PNG,East Asia & Pacific,Lower middle income,,Papua New Guinea,8947027
PRY,Latin America & Caribbean,Upper middle income,"The World Bank systematically assesses the appropriateness of official exchange rates as conversion factors. In this country, multiple or dual exchange rate activity exists and must be accounted for appropriately in underlying statistics. An alternative estimate (“alternative conversion factor” - PA.NUS.ATLS) is thus calculated as a weighted average of the different exchange rates in use in the country. Doing so better reflects economic reality and leads to more accurate cross-country comparisons and country classifications by income level. For this country, this applies to the period 1982-1988. Alternative conversion factors are used in the Atlas methodology and elsewhere in World Development Indicators as single-year conversion factors.",Paraguay,7132530
PER,Latin America & Caribbean,Upper middle income,"The World Bank systematically assesses the appropriateness of official exchange rates as conversion factors. In this country, multiple or dual exchange rate activity exists and must be accounted for appropriately in underlying statistics. An alternative estimate (“alternative conversion factor” - PA.NUS.ATLS) is thus calculated as a weighted average of the different exchange rates in use in the country. Doing so better reflects economic reality and leads to more accurate cross-country comparisons and country classifications by income level. For this country, this applies to the period 1986-1990. Alternative conversion factors are used in the Atlas methodology and elsewhere in World Development Indicators as single-year conversion factors.",Peru,32971846
PHL,East Asia & Pacific,Lower middle income,,Philippines,109581085
POL,Europe & Central Asia,High income,,Poland,37950802
PRT,Europe & Central Asia,High income,"A simple multiplier is used to convert the national currencies of EMU members to euros. The following irrevocable euro conversion rate was adopted by the EU Council on January 1, 1999: 1 euro = 200.482 Portuguese escudo. Please note that historical data before 1999 are not actual euros and are not comparable or suitable for aggregation across countries.",Portugal,10305564
PRI,Latin America & Caribbean,High income,Fiscal year end: June 30; reporting period for national accounts data: FY.,Puerto Rico,3194034
QAT,Middle East & North Africa,High income,,Qatar,2881060
ROU,Europe & Central Asia,Upper middle income,"The World Bank systematically assesses the appropriateness of official exchange rates as conversion factors. In this country, multiple or dual exchange rate activity exists and must be accounted for appropriately in underlying statistics. An alternative estimate (“alternative conversion factor” - PA.NUS.ATLS) is thus calculated as a weighted average of the different exchange rates in use in the country. Doing so better reflects economic reality and leads to more accurate cross-country comparisons and country classifications by income level. For this country, this applies to the period 1987-1989. Alternative conversion factors are used in the Atlas methodology and elsewhere in World Development Indicators as single-year conversion factors.",Romania,19286123
RUS,Europe & Central Asia,Upper middle income,,Russia,144104080
RWA,Sub-Saharan Africa,Low income,,Rwanda,12952209
WSM,East Asia & Pacific,Lower middle income,"The reporting period for national accounts data is designated as either calendar year basis (CY) or fiscal year basis (FY). For this country, it is fiscal year-based (fiscal year-end: June 30). Also, an estimate (PA.NUS.ATLS) of the exchange rate covers the same period and thus differs from the official exchange rate (CY).",Samoa,198410
SMR,Europe & Central Asia,High income,,San Marino,33938
STP,Sub-Saharan Africa,Lower middle income,National account data were adjusted to reflect the new banknote (1 new Dobra STN = 1000 old Dobra STD),São Tomé and Principe,219161
SAU,Middle East & North Africa,High income,,Saudi Arabia,34813867
SEN,Sub-Saharan Africa,Lower middle income,,Senegal,16743930
SRB,Europe & Central Asia,Upper middle income,"Montenegro declared independence from Serbia and Montenegro on June 3, 2006. Where available, data for each country are shown separately. However, for Serbia, some indicators, such as those series for which data appear only for Serbia and not Montenegro--e.g., aid, environment, external debt, balance of payments, various social indicators excluding population--continue to include data for Montenegro through 2005. Moreover, data from 1999 onward for Serbia for most indicators exclude data for Kosovo, 1999 being the year when Kosovo became a territory under international administration pursuant to UN Security Council Resolution 1244 (1999); any exceptions are noted. Kosovo became a World Bank member on June 29, 2009; available data are shown separately for Kosovo. In 2011, the Statistical Office of Serbia improved the methodology of national accounts data for 2003 onward. Specifically, the classification of sectors was revised.",Serbia,6908224
SYC,Sub-Saharan Africa,High income,,Seychelles,98462
SLE,Sub-Saharan Africa,Low income,,Sierra Leone,7976985
SGP,East Asia & Pacific,High income,Fiscal year end: March 31; reporting period for national accounts data: CY.,Singapore,5685807
SXM,Latin America & Caribbean,High income,,Sint Maarten (Dutch part),40812
SVK,Europe & Central Asia,High income,"A simple multiplier is used to convert the national currencies of EMU members to euros. The following irrevocable euro conversion rate entered into force on January 1, 2009: 1 euro = 30.126 Slovak koruna. Please note that historical data are not actual euros and are not comparable or suitable for aggregation across countries.",Slovak Republic,5458827
SVN,Europe & Central Asia,High income,"A simple multiplier is used to convert the national currencies of EMU members to euros. The following irrevocable euro conversion rate entered into force on January 1, 2007: 1 euro = 239.64 Slovenian tolar. Please note that historical data are not actual euros and are not comparable or suitable for aggregation across countries.",Slovenia,2100126
SLB,East Asia & Pacific,Lower middle income,,Solomon Islands,686878
SOM,Sub-Saharan Africa,Low income,"The World Bank systematically assesses the appropriateness of official exchange rates as conversion factors. In this country, multiple or dual exchange rate activity exists and must be accounted for appropriately in underlying statistics. An alternative estimate (“alternative conversion factor” - PA.NUS.ATLS) is thus calculated as a weighted average of the different exchange rates in use in the country. Doing so better reflects economic reality and leads to more accurate cross-country comparisons and country classifications by income level. For this country, this applies to the period 1977-1988. Alternative conversion factors are used in the Atlas methodology and elsewhere in World Development Indicators as single-year conversion factors.",Somalia,15893219
ZAF,Sub-Saharan Africa,Upper middle income,Fiscal year end: March 31; reporting period for national accounts data: CY.,South Africa,59308690
SSD,Sub-Saharan Africa,Low income,"The reporting period for national accounts data is designated as either calendar year basis (CY) or fiscal year basis (FY). For this country, it is fiscal year-based (fiscal year-end: June 30). Also, an estimate (PA.NUS.ATLS) of the exchange rate covers the same period and thus differs from the official exchange rate (CY).",South Sudan,11193729
ESP,Europe & Central Asia,High income,"A simple multiplier is used to convert the national currencies of EMU members to euros. The following irrevocable euro conversion rate was adopted by the EU Council on January 1, 1999: 1 euro = 166.386 Spanish peseta. Please note that historical data before 1999 are not actual euros and are not comparable or suitable for aggregation across countries.",Spain,47351567
LKA,South Asia,Lower middle income,,Sri Lanka,21919000
KNA,Latin America & Caribbean,High income,,St. Kitts and Nevis,53192
LCA,Latin America & Caribbean,Upper middle income,,St. Lucia,183629
MAF,Latin America & Caribbean,High income,,St. Martin (French part),38659
VCT,Latin America & Caribbean,Upper middle income,,St. Vincent and the Grenadines,110947
SDN,Sub-Saharan Africa,Low income,"The World Bank systematically assesses the appropriateness of official exchange rates as conversion factors. In this country, multiple or dual exchange rate activity exists and must be accounted for appropriately in underlying statistics. An alternative estimate (“alternative conversion factor” - PA.NUS.ATLS) is thus calculated as a weighted average of the different exchange rates in use in the country. Doing so better reflects economic reality and leads to more accurate cross-country comparisons and country classifications by income level. For this country, this applies to the period 2009-2020. Alternative conversion factors are used in the Atlas methodology and elsewhere in World Development Indicators as single-year conversion factors.",Sudan,43849269
SUR,Latin America & Caribbean,Upper middle income,"The World Bank systematically assesses the appropriateness of official exchange rates as conversion factors. In this country, multiple or dual exchange rate activity exists and must be accounted for appropriately in underlying statistics. An alternative estimate (“alternative conversion factor” - PA.NUS.ATLS) is thus calculated as a weighted average of the different exchange rates in use in the country. Doing so better reflects economic reality and leads to more accurate cross-country comparisons and country classifications by income level. For this country, this applies to 1972-1993 and 2019-2020. Alternative conversion factors are used in the Atlas methodology and elsewhere in World Development Indicators as single-year conversion factors.",Suriname,586634
SWE,Europe & Central Asia,High income,Fiscal year end: June 30; reporting period for national accounts data: CY.,Sweden,10353442
CHE,Europe & Central Asia,High income,,Switzerland,8636896
SYR,Middle East & North Africa,Low income,"The World Bank systematically assesses the appropriateness of official exchange rates as conversion factors. In this country, multiple or dual exchange rate activity exists and must be accounted for appropriately in underlying statistics. An alternative estimate (“alternative conversion factor” - PA.NUS.ATLS) is thus calculated as a weighted average of the different exchange rates in use in the country. Doing so better reflects economic reality and leads to more accurate cross-country comparisons and country classifications by income level. For this country, this applies to the period 2011-2019. Alternative conversion factors are used in the Atlas methodology and elsewhere in World Development Indicators as single-year conversion factors.",Syrian Arab Republic,17500657
TJK,Europe & Central Asia,Lower middle income,,Tajikistan,9537642
TZA,Sub-Saharan Africa,Lower middle income,,Tanzania,59734213
THA,East Asia & Pacific,Upper middle income,Fiscal year end: September 30; reporting period for national accounts data: CY.,Thailand,69799978
TLS,East Asia & Pacific,Lower middle income,,Timor-Leste,1318442
TGO,Sub-Saharan Africa,Low income,,Togo,8278737
TON,East Asia & Pacific,Upper middle income,"The reporting period for national accounts data is designated as either calendar year basis (CY) or fiscal year basis (FY). For this country, it is fiscal year-based (fiscal year-end: June 30). Also, an estimate (PA.NUS.ATLS) of the exchange rate covers the same period and thus differs from the official exchange rate (CY).",Tonga,105697
TTO,Latin America & Caribbean,High income,,Trinidad and Tobago,1399491
TUN,Middle East & North Africa,Lower middle income,,Tunisia,11818618
TUR,Europe & Central Asia,Upper middle income,,Turkey,84339067
TKM,Europe & Central Asia,Upper middle income,,Turkmenistan,6031187
TCA,Latin America & Caribbean,High income,,Turks and Caicos Islands,38718
TUV,East Asia & Pacific,Upper middle income,,Tuvalu,11792
UGA,Sub-Saharan Africa,Low income,"The reporting period for national accounts data is designated as either calendar year basis (CY) or fiscal year basis (FY). For this country, it is fiscal year-based (fiscal year-end: June 30). Also, an estimate (PA.NUS.ATLS) of the exchange rate covers the same period and thus differs from the official exchange rate (CY). 	

In addition, the World Bank systematically assesses the appropriateness of official exchange rates as conversion factors. In this country, multiple or dual exchange rate activity exists and must be accounted for appropriately in underlying statistics. An alternative estimate (“alternative conversion factor” - PA.NUS.ATLS) is thus calculated as a weighted average of the different exchange rates in use in the country. Doing so better reflects economic reality and leads to more accurate cross-country comparisons and country classifications by income level. For this country, this applies to 1960-1964 and 1975-1983. Alternative conversion factors are used in the Atlas methodology and elsewhere in World Development Indicators as single-year conversion factors.",Uganda,45741000
UKR,Europe & Central Asia,Lower middle income,,Ukraine,44134693
ARE,Middle East & North Africa,High income,,United Arab Emirates,9890400
GBR,Europe & Central Asia,High income,,United Kingdom,67215293
USA,North America,High income,,United States,329484123
URY,Latin America & Caribbean,High income,,Uruguay,3473727
UZB,Europe & Central Asia,Lower middle income,,Uzbekistan,34232050
VUT,East Asia & Pacific,Lower middle income,,Vanuatu,307150
VEN,Latin America & Caribbean,,,Venezuela,28435943
VNM,East Asia & Pacific,,,Vietnam,97338583
VIR,Latin America & Caribbean,,,Virgin Islands,106290
PSE,Middle East & North Africa,,National accounts data are provided in the US dollar.,West Bank and Gaza,4803269
YEM,Middle East & North Africa,,"The World Bank systematically assesses the appropriateness of official exchange rates as conversion factors. In this country, multiple or dual exchange rate activity exists and must be accounted for appropriately in underlying statistics. An alternative estimate (“alternative conversion factor” - PA.NUS.ATLS) is thus calculated as a weighted average of the different exchange rates in use in the country. Doing so better reflects economic reality and leads to more accurate cross-country comparisons and country classifications by income level. For this country, this applies to 1990-1996 and 2015-2020. Alternative conversion factors are used in the Atlas methodology and elsewhere in World Development Indicators as single-year conversion factors.",Yemen,29825968
ZMB,Sub-Saharan Africa,,"National accounts data were rebased to reflect the January 1, 2013, introduction of the new Zambian kwacha at a rate of 1,000 old kwacha = 1 new kwacha.",Zambia,18383956
ZWE,Sub-Saharan Africa,,"National Accounts data are reported in Zimbabwean Dollar (ZWL). Before 2017, one ZWL is set to be equal to one USD.

The World Bank systematically assesses the appropriateness of official exchange rates as conversion factors. In this country, multiple or dual exchange rate activity exists and must be accounted for appropriately in underlying statistics. An alternative estimate (“alternative conversion factor” - PA.NUS.ATLS) is thus calculated as a weighted average of the different exchange rates in use in the country. Doing so better reflects economic reality and leads to more accurate cross-country comparisons and country classifications by income level. For this country, this applies to the period 2018-2020. Alternative conversion factors are used in the Atlas methodology and elsewhere in World Development Indicators as single-year conversion factors.",Zimbabwe,14862927
